id,username,password,email,role,keycloak_id,created_at,updated_at
1,Irma_Wunsch81,agM2bvKQGugniE_,Brycen.Ebert-Stark66@gmail.com,user,cc1f496e-fe35-4302-87b4-a5600ff1474b,Wed Jun 25 2025 04:57:42 GMT+0000 (Coordinated Universal Time),Wed Jun 25 2025 04:57:42 GMT+0000 (Coordinated Universal Time)
2,Shany_Jones,Z2Vlv4a9yYukyf2,Thaddeus38@yahoo.com,user,7d0781d9-a8ef-435b-82ac-6f23febc3fff,Wed Jun 25 2025 04:57:42 GMT+0000 (Coordinated Universal Time),Wed Jun 25 2025 04:57:42 GMT+0000 (Coordinated Universal Time)
3,Desmond_Funk52,2_J0XxV42r_2bTA,Granville.Deckow74@hotmail.com,user,19b829d2-8796-4777-a00f-188cbbf4585f,Wed Jun 25 2025 04:57:42 GMT+0000 (Coordinated Universal Time),Wed Jun 25 2025 04:57:42 GMT+0000 (Coordinated Universal Time)
4,Keshawn26,CCoxmmtQYTXrwAm,Adela_Trantow86@gmail.com,user,ce445440-8cb5-4b36-b4a5-a129ab207003,Wed Jun 25 2025 04:57:42 GMT+0000 (Coordinated Universal Time),Wed Jun 25 2025 04:57:42 GMT+0000 (Coordinated Universal Time)
5,Cloyd.Crooks60,swteMeP5KSQFcuT,Karianne.Koss13@gmail.com,user,e9e3af1c-720f-4300-8b61-7170f3eceba7,Wed Jun 25 2025 04:57:42 GMT+0000 (Coordinated Universal Time),Wed Jun 25 2025 04:57:42 GMT+0000 (Coordinated Universal Time)
6,Letha_Glover88,pgOKQLnLUrKpaEY,Raina_Breitenberg@gmail.com,user,c02166be-789e-4caa-a8b2-f21626587320,Wed Jun 25 2025 04:57:42 GMT+0000 (Coordinated Universal Time),Wed Jun 25 2025 04:57:42 GMT+0000 (Coordinated Universal Time)
7,Eden_Schroeder,M4iCbito1BkQiv1,Florian.Lang@yahoo.com,user,78756d3a-f4c3-4d78-bded-67f2a04106af,Wed Jun 25 2025 04:57:42 GMT+0000 (Coordinated Universal Time),Wed Jun 25 2025 04:57:42 GMT+0000 (Coordinated Universal Time)
8,Jamar_Hayes,60t_sqwDqFr4woX,Magnus.Johns@hotmail.com,user,c2ce644b-2f3a-4d30-b50d-c5981922e05a,Wed Jun 25 2025 04:57:42 GMT+0000 (Coordinated Universal Time),Wed Jun 25 2025 04:57:42 GMT+0000 (Coordinated Universal Time)
9,Twila_Leannon42,Vh3dK32YoWpclhg,Bridgette10@hotmail.com,user,7fa83543-b86c-4b5c-aa32-da821ff45d9d,Wed Jun 25 2025 04:57:42 GMT+0000 (Coordinated Universal Time),Wed Jun 25 2025 04:57:42 GMT+0000 (Coordinated Universal Time)
10,Leo33,MiBGZjBeBz5VT2z,Haylie_Smith83@hotmail.com,user,0ae1f604-eaa2-4653-a563-02f907be69b0,Wed Jun 25 2025 04:57:42 GMT+0000 (Coordinated Universal Time),Wed Jun 25 2025 04:57:42 GMT+0000 (Coordinated Universal Time)
11,Katrina_Homenick69,TlXWSyK5aVF1Ojk,Casimir_Swift-Denesik@gmail.com,user,d0aa1946-4fa5-45b5-af73-427995b94c95,Wed Jun 25 2025 04:57:42 GMT+0000 (Coordinated Universal Time),Wed Jun 25 2025 04:57:42 GMT+0000 (Coordinated Universal Time)
12,Loma.Ortiz99,Zzvly2jevgyMHC0,Quinn_Heidenreich40@gmail.com,user,839e70f6-fd52-4e2e-9602-cb735e236306,Wed Jun 25 2025 04:57:42 GMT+0000 (Coordinated Universal Time),Wed Jun 25 2025 04:57:42 GMT+0000 (Coordinated Universal Time)
13,Devin.Leuschke,mu5ggKi78lJmsuR,Brandy.Kiehn20@gmail.com,user,fac7f0a6-b8ca-4b92-8c5a-95a3c1cd0c42,Wed Jun 25 2025 04:57:42 GMT+0000 (Coordinated Universal Time),Wed Jun 25 2025 04:57:42 GMT+0000 (Coordinated Universal Time)
14,Elmo10,W5VwxtVWGXCLL4c,Meggie.Johnston35@yahoo.com,user,b90f89da-6ee3-4611-b12f-e3fee82bfa26,Wed Jun 25 2025 04:57:42 GMT+0000 (Coordinated Universal Time),Wed Jun 25 2025 04:57:42 GMT+0000 (Coordinated Universal Time)
15,Lila.Sauer93,GzlwsODY0rDe_mF,Rosamond.Hoeger55@yahoo.com,user,5d3f7698-ca73-4107-a44c-5b69a2035638,Wed Jun 25 2025 04:57:42 GMT+0000 (Coordinated Universal Time),Wed Jun 25 2025 04:57:42 GMT+0000 (Coordinated Universal Time)
16,Chance.Nolan,HG497bqqwIwLBnv,Margarett.Mertz@gmail.com,user,f2c3f894-69eb-4baf-8606-bf43e3833219,Wed Jun 25 2025 04:57:42 GMT+0000 (Coordinated Universal Time),Wed Jun 25 2025 04:57:42 GMT+0000 (Coordinated Universal Time)
17,Helene_Purdy,1RQaflVAAHw2bTM,Alessia_Schamberger-Nicolas@hotmail.com,user,51d6be91-1fb9-45cb-909c-f65f0be9c5a1,Wed Jun 25 2025 04:57:42 GMT+0000 (Coordinated Universal Time),Wed Jun 25 2025 04:57:42 GMT+0000 (Coordinated Universal Time)
18,Maverick.Trantow,DSAUnUDlKQtPHbw,Eldridge.Wiegand@hotmail.com,user,766f5bf4-f76a-4962-9797-0a6dd30ef4d9,Wed Jun 25 2025 04:57:42 GMT+0000 (Coordinated Universal Time),Wed Jun 25 2025 04:57:42 GMT+0000 (Coordinated Universal Time)
19,Ronaldo_Witting,uUyKJC8UxgLr_Xv,Cristal_Marks@gmail.com,user,422c0b3e-0096-429b-bff7-d68b4e8dd0f4,Wed Jun 25 2025 04:57:42 GMT+0000 (Coordinated Universal Time),Wed Jun 25 2025 04:57:42 GMT+0000 (Coordinated Universal Time)
20,Scarlett21,W9BKloQNxeKCrs5,Deondre_Abbott@hotmail.com,user,24c6d345-2f46-42bc-8aef-764d33b7d478,Wed Jun 25 2025 04:57:42 GMT+0000 (Coordinated Universal Time),Wed Jun 25 2025 04:57:42 GMT+0000 (Coordinated Universal Time)