user_id,username,email
1,olaf,olaf@mail.com
3,luna,luna@mail.com
4,milo,milo@mail.com
5,sofia,sofia@mail.com
6,leo,leo@mail.com
7,isla,isla@mail.com
8,nina,nina@mail.com
9,felix,felix@mail.com
10,ava,ava@mail.com
11,oliver,oliver@mail.com
12,mia,mia@mail.com
13,elias,elias@mail.com
14,chloe,chloe@mail.com
15,lucas,lucas@mail.com
16,zoe,zoe@mail.com
17,noah,noah@mail.com
18,ella,ella@mail.com
19,mateo,mateo@mail.com
20,grace,grace@mail.com
21,jack,jack@mail.com
22,aria,aria@mail.com
23,liam,liam@mail.com
24,nora,nora@mail.com
25,hugo,hugo@mail.com
26,ivy,ivy@mail.com
27,jude,jude@mail.com
